New Code,2001,2002,2003,2004,2005,2006,2007,2008,2009,2010,2011
E05000026,3963,3967,4054,4109,4033,4063,4188,4197,4511,4588,4696
E05000027,3892,3892,3892,3805,3773,3802,3842,3847,3847,4099,4104
E05000028,4072,4097,4121,4158,4228,4167,4175,4175,4184,4245,4364
E05000029,3976,4007,4003,4024,4020,4053,4065,4060,4068,4038,4042
E05000030,3979,4004,4008,3969,3963,3967,4049,4065,4076,4016,4028
E05000031,4206,4220,4240,4270,4261,4313,4315,4448,4322,4337,4345
E05000032,4067,4069,4071,4164,4364,4375,4395,4522,4709,4705,4706
E05000033,3951,3952,3958,4043,4058,4067,4128,4234,4306,4316,4317
E05000034,4037,4037,4038,4127,4290,4209,4374,4375,4375,4320,4407
E05000035,3649,3688,3753,3735,3757,3781,3781,3784,3790,3813,3814
E05000036,3788,3791,3806,3803,3932,3925,3925,3928,3933,4000,4029
E05000037,3750,3750,3750,3934,3835,3954,3955,3957,3959,3721,3723
E05000038,3896,3891,3884,3917,3971,3947,3989,3977,3990,3991,4003
E05000039,3854,3970,4121,4144,4179,4179,4181,3976,4012,3929,3931
E05000040,4019,4038,4057,3933,3839,3923,3924,3927,3936,4035,4036
E05000041,4300,4328,4336,4334,4340,4438,4463,4424,4438,4522,4606
E05000042,3917,3918,3872,3885,3952,3951,3978,3983,3992,4061,4074
E05000043,5728,5763,5771,5798,5810,5901,6020,6047,6050,6097,6081
E05000044,5839,5844,5808,5789,6027,6163,6141,6240,6403,6456,6534
E05000045,6852,7116,7246,7271,7298,7355,7375,7426,7506,7524,7688
E05000046,5532,5556,5680,5697,5743,5716,5705,5798,6225,6485,6470
E05000047,6399,6497,6553,6666,6681,6790,6884,6906,6923,6940,6961
E05000048,6403,6436,6436,6491,6541,6575,6540,6598,6661,6665,6674
E05000049,6472,6511,6531,6562,6597,6611,6639,6683,6695,6692,6710
E05000050,5649,5678,5698,5748,5811,5855,5851,5860,5953,5976,6087
E05000051,5945,6008,6008,6011,6048,6153,6199,6237,6305,6324,6332
E05000052,6381,6383,6393,6487,6487,6455,6410,6449,6490,6486,6508
E05000053,5922,5926,5951,5940,5929,5955,5972,6003,6019,6074,6171
E05000054,6066,6116,6118,6092,6114,6134,6139,6155,6216,6266,6274
E05000055,6738,6769,6817,6862,6931,6962,6990,7043,7077,7086,7119
E05000056,6240,6297,6331,6316,6328,6408,6438,6551,6574,6588,6657
E05000057,6353,6378,6434,6775,6703,6823,6913,6933,7001,7035,7120
E05000058,6118,6125,6130,6190,6258,6291,6320,6366,6424,6402,6407
E05000059,5979,5986,6027,6041,6073,6065,6077,6078,6083,6127,6135
E05000060,6213,6245,6269,6323,6353,6378,6374,6372,6425,6441,6436
E05000061,6209,6224,6237,6327,6491,6524,6553,6613,6667,6689,6703
E05000062,6009,6034,6067,6112,6118,6164,6181,6200,6275,6316,6336
E05000063,6452,6456,6472,6470,6703,6774,6795,6811,6827,6827,6844
E05000064,4306,4320,4324,4322,4324,4322,4321,4319,4321,4341,4338
E05000065,4866,4870,4919,4903,4901,4928,4931,4935,4938,5014,5031
E05000066,4167,4168,4172,4196,4192,4189,4191,4215,4216,4231,4231
E05000067,4300,4300,4303,4291,4311,4318,4319,4323,4336,4344,4346
E05000068,4254,4254,4254,4237,4237,4239,4239,4239,4239,4201,4200
E05000069,4479,4481,4485,4485,4513,4512,4527,4545,4551,4575,4583
E05000070,4523,4516,4520,4536,4536,4541,4538,4539,4546,4533,4533
E05000071,4534,4558,4706,4813,4841,4844,4858,4856,4864,4844,4844
E05000072,4648,4652,4672,4651,4671,4665,4662,4796,4825,4802,4805
E05000073,4368,4371,4386,4387,4383,4386,4399,4407,4472,4470,4546
E05000074,4260,4260,4260,4260,4265,4257,4258,4261,4274,4294,4294
E05000075,4432,4518,4705,4813,4836,4895,4928,5000,5084,5115,5114
E05000076,4172,4178,4178,4181,4179,4179,4192,4196,4196,4219,4223
E05000077,4450,4457,4459,4476,4488,4487,4494,4499,4536,4522,4520
E05000078,4366,4366,4363,4397,4398,4405,4490,4515,4551,4554,4541
E05000079,4658,4659,4664,4658,4664,4688,4700,4717,4734,4737,4738
E05000080,4068,4067,4069,4083,4120,4129,4128,4130,4132,4180,4181
E05000081,4283,4287,4322,4327,4326,4341,4351,4352,4366,4390,4397
E05000082,4065,4072,4072,4074,4077,4076,4078,4078,4077,4071,4071
E05000083,4551,4558,4563,4564,4568,4615,4619,4621,4634,4643,4654
E05000084,4523,4655,4682,4796,4809,4817,4798,4798,4798,4784,4872
E05000085,4161,4162,4167,4160,4158,4168,4289,4293,4335,4325,4323
E05000086,5610,5610,4877,5028,5091,5382,5431,5435,5499,5517,5535
E05000087,4980,4980,5024,5037,5002,5060,5153,5221,5291,5355,5386
E05000088,4237,4238,4256,4292,4300,4302,4313,4316,4318,4330,4336
E05000089,4866,4869,4948,4981,5009,5012,5028,5072,5108,5195,5252
E05000090,4358,4360,4382,4391,4394,4402,4525,4602,4611,4472,4477
E05000091,5894,5901,5993,6046,5901,6123,6043,6162,6217,6411,6482
E05000092,5076,5094,5154,5287,5474,5510,5553,5619,5670,5785,5819
E05000093,3893,3894,3915,3852,3882,3877,3891,3890,3897,3937,3939
E05000094,6896,6871,6906,6982,6972,7126,7152,7164,7221,7550,7624
E05000095,5603,5613,5634,5662,5691,5823,5859,5908,5982,6079,6152
E05000096,3845,3844,3840,4016,3867,3930,3956,4034,4037,3946,3947
E05000097,4478,4547,4578,4798,4992,4995,5003,5001,5037,5048,5059
E05000098,5686,5687,5708,5726,5758,5788,5815,5848,5949,6080,6081
E05000099,4133,4137,4161,4287,4299,4307,4395,4536,4581,4734,4793
E05000100,6339,6355,6111,6404,6012,6131,6452,6334,6250,5864,5874
E05000101,4529,4574,4684,4712,4888,4892,4934,4977,4984,4992,4934
E05000102,4250,4257,4321,4330,4327,4350,4374,4387,4685,4658,4949
E05000103,4872,4888,4896,4837,4850,4853,4864,4865,4866,4863,4896
E05000104,3798,3804,3824,3892,3893,3924,3937,3955,4183,4343,4460
E05000105,5087,5094,5118,5231,5171,5356,5452,5675,5725,5824,5923
E05000106,5800,5806,5828,5832,5850,5883,6055,6110,6131,6198,6217
E05000107,3838,3841,3845,3843,3886,3895,3914,3948,3980,4012,4043
E05000108,6089,6092,6100,6126,6141,6198,6246,6278,6296,6313,6352
E05000109,6868,6893,6984,7049,7163,7348,7440,7518,7567,7580,7602
E05000110,5646,5762,5804,5802,5827,5907,5934,5928,5934,5938,5938
E05000111,6266,6251,6241,6260,6309,6323,6328,6332,6344,6422,6411
E05000112,6898,6898,6919,6964,6971,6993,7002,7036,7041,7132,7179
E05000113,7636,7718,7727,7796,7888,7966,8060,8074,8096,8312,8397
E05000114,6680,6680,6709,6764,6794,6804,6833,6807,6909,6808,6856
E05000115,6813,6814,6815,6817,6818,6819,6838,6829,6887,6891,6897
E05000116,5838,5854,5865,5946,5922,5972,6014,6114,6230,6186,6198
E05000117,1970,1971,1968,1981,1922,1932,1980,2090,2109,2119,2127
E05000118,6215,6222,6226,6189,6219,6244,6276,6264,6276,6325,6330
E05000119,6257,6258,6258,6256,6257,6264,6271,6270,6283,6285,6298
E05000120,6043,6123,6199,6337,6433,6470,6602,6608,6616,6504,6525
E05000121,4404,4406,4428,4475,4471,4494,4501,4500,4505,4506,4511
E05000122,6370,6377,6371,6377,6347,6440,6494,6509,6514,6591,6612
E05000123,7471,7516,7543,7556,7599,7626,7663,7672,7719,7752,7814
E05000124,5492,5497,5520,5515,5507,5508,5529,5540,5544,5556,5565
E05000125,6525,6555,6569,6588,6590,6646,6671,6723,6790,6812,6845
E05000126,4159,4183,4189,4217,4227,4235,4259,4257,4267,4267,4294
E05000127,5701,5706,5724,5713,5735,5735,5762,5776,5820,5837,5863
E05000128,6150,6151,6174,6220,6203,6341,6416,6448,6460,6384,6477
E05000129,4693,4769,4763,4884,4875,4875,4908,4915,5467,5078,5166
E05000130,5632,5658,5693,5714,5606,5803,5811,5861,6069,6081,6210
E05000131,4660,4713,4729,4760,4838,5098,5124,5195,5229,5259,5277
E05000132,4637,4640,4706,4789,4802,4886,4966,5049,5113,5162,5258
E05000133,5193,5231,5241,5250,5264,5318,5389,5441,5491,5485,5525
E05000134,4798,4810,4813,4837,4827,4860,4869,4884,4913,4921,4924
E05000135,5160,5165,5173,5146,5114,5223,5284,5267,5407,5470,5484
E05000136,5137,5142,5154,5182,5206,5222,5238,5249,5346,5386,5405
E05000137,5096,5096,5090,5089,5043,5080,5080,5093,5101,5107,5070
E05000138,5818,5914,6017,6095,5799,6063,6223,6336,6568,6636,6725
E05000139,5182,5204,5256,5274,5252,5456,5490,5537,5563,5661,5704
E05000140,5388,5415,5451,5480,5471,5533,5665,5726,5890,5950,6050
E05000141,4411,4420,4432,4339,4310,4370,4481,4714,4895,5086,5125
E05000142,5622,5628,5637,5677,5746,5686,5611,5706,5736,5953,5968
E05000143,5318,5258,5267,5226,5288,5235,5371,5522,5538,5659,5673
E05000144,6285,6283,6322,6355,6349,6442,6521,6509,6540,6677,6644
E05000145,5170,5208,5202,5216,5358,5390,5431,5568,5788,5770,5823
E09000001,4927,5122,5195,5623,5663,5734,5824,5824,5940,5929,6088
E05000146,7088,7092,7115,7166,7187,7233,7302,7283,7478,7534,7559
E05000147,5301,5306,5305,5299,5320,5324,5346,5496,5547,5583,5585
E05000148,5593,5625,5633,5693,5684,5703,5730,5837,6005,6110,6154
E05000149,6027,6083,6154,6188,6212,6244,6294,6347,6392,6579,6998
E05000150,4882,4890,4892,4895,4896,4895,4917,4929,4935,4936,4937
E05000151,4702,4711,4730,4706,4715,4727,4735,4793,4827,4835,4870
E05000152,6322,6353,6392,6433,6454,6547,6588,6623,6791,6877,6913
E05000153,6778,6814,6874,6894,6930,7033,7181,7235,7402,7686,7824
E05000154,3988,3988,3988,3994,3992,3992,3992,4001,4001,4012,4009
E05000155,5526,5538,5543,5532,5546,5549,5550,5549,5552,5574,5578
E05000156,5483,5505,5523,5535,5582,5624,5804,5939,5969,5836,5894
E05000157,3990,3991,3991,3990,3990,3989,3994,4008,4010,4003,4017
E05000158,5604,5721,5731,5709,5845,5820,5916,6008,6050,5974,6059
E05000159,5112,5175,5220,5250,5291,5380,5409,5555,5656,5752,5779
E05000160,4798,4799,4797,4808,4808,4839,4843,4855,4858,4862,4893
E05000161,6720,6739,6754,6803,6848,6908,6962,7037,7094,7357,7555
E05000162,4536,4536,4536,4537,4535,4545,4547,4548,4549,4546,4552
E05000163,5593,5594,5597,5611,5609,5613,5609,5624,5632,5640,5648
E05000164,7293,7329,7362,7399,7568,7508,7576,7650,7737,7880,7913
E05000165,6500,6525,6571,6574,6567,6591,6614,6682,6728,6728,6765
E05000166,6339,6347,6353,6322,6341,6363,6376,6454,6492,6591,6599
E05000167,6366,6395,6597,6735,6751,6787,6850,6842,6931,7060,7104
E05000168,5787,5799,5809,5727,5757,5769,5851,5854,5890,5998,6159
E05000169,6666,6686,6693,6762,6778,6808,6841,6893,6965,6964,7004
E05000170,5748,5796,5843,5942,5971,6046,6304,6377,6461,6333,6391
E05000171,5708,5771,5784,5807,5770,5896,5909,5910,5934,5893,5905
E05000172,4177,4177,4177,4299,4301,4303,4400,4356,4413,4292,4332
E05000173,5557,5578,5591,5627,5576,5814,5869,5968,6124,6198,6231
E05000174,5566,5577,5622,5728,5654,5823,5841,5879,5921,5959,5976
E05000175,5838,5847,5913,5935,5939,5969,6482,6736,6933,7244,7246
E05000176,5605,5633,5665,5683,5715,5838,5918,6005,6030,6119,6110
E05000177,5498,5502,5503,5509,5574,5648,5660,5731,5951,6478,6480
E05000178,4967,4971,4967,5018,5029,5030,5019,5056,5079,5104,5116
E05000179,6071,6113,6104,6119,6182,6177,6207,6254,6290,6316,6342
E05000180,5332,5336,5340,5381,5374,5407,5418,5428,5430,5440,5455
E05000181,3994,3998,4005,3978,3991,3995,4008,4022,4055,4099,4108
E05000182,5354,5387,5402,5411,5380,5439,5448,5467,5483,5490,5498
E05000183,4766,4766,4785,4795,4810,4823,4832,4866,4877,4936,4937
E05000184,5494,5491,5491,5540,5607,5634,5636,5645,5664,5753,5751
E05000185,5625,5626,5646,5681,5694,5754,5813,5864,5877,5716,5725
E05000186,4215,4224,4224,4214,4213,4326,4330,4327,4354,4427,4429
E05000187,5045,5047,5059,5075,5080,5087,5249,5332,5344,5359,5380
E05000188,6036,5952,6009,6081,6182,6147,6217,6181,6225,6335,6353
E05000189,3715,3733,3734,3719,3680,3727,3770,3784,3847,3825,3855
E05000190,3912,3927,3965,3975,4018,4058,4092,4138,4237,4227,4274
E05000191,5962,5994,5980,6030,5952,6035,6045,6106,6125,6138,6171
E05000192,5354,5358,5386,5386,5374,5415,5469,5587,5605,5572,5629
E05000193,5014,5024,5051,5122,5122,5201,5206,5235,5263,5317,5397
E05000194,5259,5260,5261,5438,5469,5482,5500,5529,5547,5545,5560
E05000195,5473,5481,5495,5503,5501,5511,5663,5740,5753,5724,5730
E05000196,5177,5189,5250,5323,5305,5349,5354,5377,5409,5425,5437
E05000197,6658,6544,6417,6391,6247,6267,6471,6697,6762,6817,6839
E05000198,5456,5457,5523,5551,5553,5559,5567,5606,5614,5834,5852
E05000199,5189,5530,5868,6044,6051,6048,6172,6239,6287,6320,6390
E05000200,5099,5185,5254,5210,5236,5252,5290,5319,5348,5358,5390
E05000201,5633,5642,5644,5662,5725,5668,5698,5709,5724,5716,5749
E05000202,5450,5471,5478,5546,5549,5568,5579,5638,5715,5728,5727
E05000203,5301,5300,5310,5296,5318,5309,5322,5327,5334,5363,5375
E05000204,5262,5524,5830,5928,5953,5928,5944,5954,6062,6117,6128
E05000205,5481,5487,5526,5541,5519,5622,5658,5664,5681,5730,5772
E05000206,5391,5408,5426,5464,5464,5571,5576,5595,5689,5565,5699
E05000207,5374,5416,5425,5398,5407,5497,5642,5735,5757,5589,5596
E05000208,5550,5557,5582,5661,5713,5844,5878,5965,6008,5986,6013
E05000209,5071,5089,5130,5196,5200,5218,5232,5288,5318,5288,5276
E05000210,5873,5948,6030,6034,6046,6059,6067,6079,6108,6163,6176
E05000211,5219,5252,5257,5274,5327,5382,5382,5360,5367,5371,5416
E05000212,5851,5853,5871,5884,6003,6028,6034,6076,6093,6059,6054
E05000213,5260,5264,5316,5275,5247,5268,5324,5325,5345,5413,5422
E05000214,5824,5825,5826,5968,6033,6051,6052,6054,6073,6109,6128
E05000215,5824,5904,5941,5943,5934,5924,5922,5977,5972,6129,6262
E05000216,5799,5782,5781,5791,5814,5784,5757,5663,5775,5881,5933
E05000217,5178,5176,5175,5147,5160,5157,5160,5164,5163,5221,5221
E05000218,5193,5193,5212,5208,5206,5205,5206,5206,5207,5235,5241
E05000219,4969,4968,4976,4959,4995,5140,5137,5117,5167,5169,5182
E05000220,5487,5488,5487,5487,5376,5286,5172,4803,4583,4479,4263
E05000221,5754,5756,5867,6116,6417,6573,6631,6815,6822,6686,6814
E05000222,5708,5698,5883,5928,6019,6088,6201,6473,6726,6772,7008
E05000223,5338,5477,5619,5712,5706,5718,5739,5717,5722,5963,5969
E05000224,5620,5622,5622,5655,5655,5663,5660,5662,5684,5683,5690
E05000225,4611,4765,4927,5140,5385,5499,5803,6000,6166,6188,6386
E05000226,5935,5932,5935,5894,5892,5922,5959,5973,5941,6051,6074
E05000227,5358,5365,5369,5389,5421,5423,5423,5419,5423,5431,5436
E05000228,4469,5054,5462,5776,6217,6536,6832,6884,6852,7063,7081
E05000229,6126,6139,6187,6229,6243,6357,6518,6695,6725,6485,6663
E05000230,5785,5870,5913,6258,6502,6934,7174,7518,7655,7943,8232
E05009367,3473,3410,3426,3438,3483,3568,3575,3465,3498,3456,3467
E05009368,4570,4564,4657,4691,4679,4779,4846,4905,4937,4962,4988
E05009369,4911,5010,5100,5148,5137,5194,5230,5279,5333,5229,5384
E05009370,2925,2963,2956,2921,2980,3014,3067,3123,3181,3406,3511
E05009371,2920,3004,3115,3213,3282,3362,3545,3618,3733,3896,3904
E05009372,4692,4744,4781,5043,5046,5249,5287,5297,5338,5314,5359
E05009373,4768,4845,5003,4824,4828,5027,4987,5091,5162,5273,5309
E05009374,4155,4180,4356,4435,4520,4589,4621,4657,4775,4783,4799
E05009375,4455,4490,4635,4830,4872,5063,5185,5325,5420,5403,5469
E05009376,4466,4493,4565,4587,4662,4731,4801,4843,4928,5053,5097
E05009377,4065,4154,4311,4456,4489,4642,4804,4921,5067,5190,5227
E05009378,4322,4428,4650,4699,4665,4876,4975,5038,5344,5678,5707
E05009379,4698,4703,4714,4703,4730,4745,4763,4782,4811,4871,4877
E05009380,4129,4156,4168,4221,4164,4255,4393,4541,4857,5131,5271
E05009381,4355,4282,4396,4499,4631,4833,4903,4942,5096,5203,5275
E05009382,2953,2990,2999,2988,3038,3106,3180,3224,3274,3439,3516
E05009383,5338,5304,5255,5363,5357,5400,5453,5495,5488,5517,5555
E05009384,3253,3248,3270,3303,3298,3326,3387,3479,3496,3430,3477
E05009385,4971,5028,5093,5149,5184,5352,5512,5577,5634,5648,5713
E05009386,4670,4827,4974,4990,4962,5096,5093,5120,5212,5222,5304
E05009387,3849,3765,3768,3788,3812,3851,3822,3746,3753,3797,3826
E05000250,5607,5621,5602,5714,5692,5750,5766,5794,5814,5821,5811
E05000251,5517,5523,5578,5612,5583,5642,5654,5691,5707,6045,6207
E05000252,5813,5888,5980,6075,5995,6120,6137,6158,6165,5936,5932
E05000253,3350,3355,3379,3371,3171,3147,3147,3456,3505,3677,3737
E05000254,4813,4795,4879,4934,4958,4989,5019,5051,5076,5094,5034
E05000255,4508,4520,4536,4568,4557,4576,4596,4606,4616,4593,4600
E05000256,5276,5280,5282,5169,5415,5192,5217,5255,5262,5322,5326
E05000257,4821,4830,4827,4863,4859,4877,4888,4907,4911,4911,4920
E05000258,5264,5212,5235,5268,5265,5305,5336,5391,5430,5441,5456
E05000259,3437,3433,3430,3426,3405,3412,3419,3416,3416,3409,3410
E05000260,4816,4826,4827,4809,4753,4783,4789,4894,4920,4785,4791
E05000261,4412,4424,4444,4467,4372,4647,4648,4699,4715,4808,4820
E05000262,4716,4662,4697,4905,5162,5328,5526,5574,5909,6183,6315
E05000263,5064,5064,5205,5330,5339,5359,5382,5490,5512,5539,5575
E05000264,4717,4736,4748,4794,4811,4796,4849,4854,4954,4987,4995
E05000265,4823,4830,4833,4839,4831,5097,5338,5163,5170,5053,5054
E05000266,4433,4436,4441,4429,4442,4448,4465,4473,4476,4487,4493
E05000267,5082,5139,5171,5183,5192,5256,5327,5484,5716,5706,5742
E05000268,5268,5289,5341,5384,5382,5545,5600,5654,5706,5732,5767
E05000269,5576,5578,5588,5503,5689,5657,5722,5734,5707,5816,5832
E05000270,4633,4662,4780,4859,4868,4871,4890,4890,4947,5063,5082
E05000271,4818,4864,4965,5060,5033,5183,5304,5403,5463,5487,5536
E05000272,4907,4926,4948,4955,4957,5003,5012,5021,5021,5042,5087
E05000273,4715,4725,4825,4881,5033,5068,5459,5531,5535,5590,5596
E05000274,4313,4318,4319,4303,4312,4298,4299,4338,4351,4354,4351
E05000275,4834,4842,4925,4924,4970,5079,5149,5198,5245,5432,5421
E05000276,5308,5347,5423,5351,5393,5425,5467,5560,5637,5780,5802
E05000277,5000,5051,5090,5099,5206,5272,5379,5438,5487,5478,5490
E05000278,5178,5190,5236,5276,5281,5363,5412,5464,5523,5687,5746
E05000279,5043,5045,5055,5077,5039,5142,5163,5200,5213,5193,5212
E05000280,5434,5461,5544,5596,5506,5743,5797,5905,6057,6113,6182
E05000281,5320,5328,5369,5410,5397,5434,5432,5446,5520,5554,5766
E05000282,4842,4858,4908,4950,5036,5047,5083,5155,5164,5176,5216
E05000283,4784,4767,4777,4803,4838,4908,4866,4984,4971,4880,4885
E05000284,4968,4976,5043,5077,5295,5342,5350,5396,5435,5437,5454
E05000285,3696,3695,3698,3682,3682,3683,3687,3683,3704,3725,3732
E05000286,4476,4465,4468,4478,4520,4614,4716,4844,4882,4875,5096
E05000287,3621,3621,3621,3647,3665,3701,3733,3741,3760,3738,3768
E05000288,4107,4277,4478,4607,4669,4739,4847,4917,5005,5117,5247
E05000289,4409,4402,4402,4385,4401,4512,4563,4578,4611,4723,4749
E05000290,4170,4168,4177,4210,4226,4242,4242,4245,4267,4262,4269
E05000291,3978,3976,3975,3998,3990,4024,4047,4064,4061,4073,4083
E05000292,3586,3586,3592,3549,3555,3555,3567,3568,3622,3628,3627
E05000293,3803,3805,3804,3811,3828,3851,3877,3909,4009,4025,4078
E05000294,3394,3394,3393,3404,3406,3412,3420,3428,3468,3485,3507
E05000295,3448,3447,3447,3435,3445,3449,3454,3459,3463,3480,3483
E05000296,4020,4024,4030,4005,4065,4063,4194,4215,4257,4370,4424
E05000297,4159,4149,4178,4188,4187,4208,4208,4209,4237,4265,4270
E05000298,3742,3794,3858,3873,3916,3938,3948,3954,3991,3966,3969
E05000299,3610,3612,3612,3623,3623,3633,3667,3675,3682,3652,3655
E05000300,3658,3665,3667,3669,3662,3662,3681,3694,3708,3777,3787
E05000301,4102,4105,4104,4142,4159,4249,4264,4265,4512,4644,4628
E05000302,3745,3745,3747,3820,3827,3830,3838,3855,3862,3840,3853
E05000303,4040,4053,4172,4460,4471,4505,4516,4525,4529,4552,4525
E05000304,3787,3788,3798,3830,3840,3929,3941,3962,3975,3960,4009
E05000305,3759,3757,3704,3715,3725,3800,3810,3821,3806,3763,3826
E05000306,5566,5578,5561,5586,5634,5717,5780,5943,6016,6262,6270
E05000307,5216,5217,5221,5236,5225,5241,5247,5256,5261,5268,5283
E05000308,5155,5154,5155,5114,5138,5180,5204,5207,5212,5303,5303
E05000309,4549,4549,4566,4544,4547,4604,4687,4727,4729,4700,4707
E05000310,6016,6025,6022,6023,6005,6013,6043,6041,6103,6141,6077
E05000311,4977,4985,4987,4979,5021,5025,5036,5042,5043,5022,5021
E05000312,5386,5434,5448,5465,5572,5591,5665,5647,5697,5648,5663
E05000313,4947,4954,4965,4972,4972,4970,5091,5196,5225,5257,5258
E05000314,5302,5312,5327,5309,5298,5306,5310,5354,5378,5428,5434
E05000315,4822,4866,4959,4991,5007,5023,5026,4984,5010,5057,5078
E05000316,5227,5229,5234,5248,5299,5295,5348,5343,5347,5400,5402
E05000317,5129,5140,5143,5187,5192,5182,5240,5277,5306,5269,5272
E05000318,4971,4976,4976,4984,4964,5029,5079,5086,5096,5110,5124
E05000319,5928,6140,6348,6462,6522,6551,6779,6959,7238,7285,7311
E05000320,5619,5622,5661,5710,5726,5777,5809,5802,5812,5846,5856
E05000321,5594,5654,5664,5741,5777,5780,5755,5802,5806,5764,5747
E05000322,5050,5052,5115,5265,5408,5546,5641,5619,5697,5699,5701
E05000323,5103,5104,5112,5121,5143,5146,5162,5177,5206,5216,5219
E05000324,4237,4235,4277,4308,4303,4359,4362,4368,4381,4391,4416
E05000325,4697,4733,4758,4755,4764,4815,4836,4917,4955,5070,5180
E05000326,4247,4345,4386,4593,4639,4708,4710,4750,4774,4890,4913
E05000327,4500,4499,4500,4510,4515,4517,4517,4511,4517,4522,4528
E05000328,4356,4359,4360,4353,4350,4445,4454,4460,4463,4489,4513
E05000329,4704,4711,4712,4725,4691,4713,4717,4708,4729,4736,4872
E05000330,2971,3022,3048,3051,3091,3091,3097,3104,3115,3125,3126
E05000331,4644,4636,4642,4668,4682,4682,4686,4710,4746,4747,4759
E05000332,4528,4520,4533,4606,4611,4614,4614,4619,4639,4638,4654
E05000333,4040,4042,4043,4015,4012,4015,4023,4029,4027,4041,4051
E05000334,4458,4459,4466,4496,4504,4519,4525,4539,4555,4568,4584
E05000335,4670,4682,4728,4757,4774,4796,4833,4836,4851,4881,4894
E05000336,4753,4814,4817,4798,4816,4849,4864,4826,4833,4857,4858
E05000337,4499,4498,4496,4555,4576,4582,4591,4629,4755,4725,4738
E05000338,4624,4542,4633,4709,4704,4730,4737,4763,4770,4803,4818
E05000339,4565,4638,4657,4630,4623,4673,4702,4710,4724,4814,4800
E05000340,4917,4940,4976,5060,5027,5043,5055,4987,5112,5211,5246
E05000341,4948,4962,5024,5058,5123,5130,5152,5004,5222,5477,5514
E05000342,5064,5064,5084,5068,5067,5089,5099,5294,5420,5464,5661
E05000343,4551,4575,4606,4610,4628,4640,4672,4662,4700,4781,4788
E05000344,4689,4692,4716,4732,4812,4935,5032,5117,5109,4859,4866
E05000345,4853,4901,4915,4920,4922,4969,4978,5014,5164,5247,5310
E05000346,4473,4469,4475,4462,4457,4491,4537,4767,4826,4870,5006
E05000347,4880,4902,5025,5131,5220,5297,5306,5315,5436,6074,6182
E05000348,4811,4826,4836,4781,4785,4802,4812,4820,4831,4840,4844
E05000349,4983,4989,4998,5051,4964,5072,5115,5090,5127,5144,5156
E05000350,4005,4011,4020,4002,4001,4023,4045,4056,4075,4053,4062
E05000351,4152,4154,4156,4188,4186,4198,4216,4227,4227,4242,4251
E05000352,4723,4870,4938,4953,4934,4952,5449,5676,5786,5799,5801
E05000353,4536,4543,4564,4576,4578,4580,4582,4594,4596,4609,4607
E05000354,4391,4398,4386,4427,4437,4535,4458,4461,4466,4506,4585
E05000355,3847,3847,3849,3856,3855,3868,3873,3876,3909,3941,3961
E05000356,3880,3885,3882,3934,3947,3962,3973,3989,3993,4065,4090
E05000357,3949,3958,3963,3954,4007,4023,4030,4041,4042,4017,4022
E05000358,4245,4255,4295,4361,4401,4455,4510,5013,5229,5400,5432
E05000359,4121,4158,4319,4362,4369,4500,4670,4749,4818,4840,4895
E05000360,3903,3904,3909,3924,3929,3945,3952,3973,3984,4003,4021
E05000361,3761,3775,3828,3858,3864,3892,3936,3962,3969,4007,4104
E05000362,4676,4679,4693,4794,4884,4839,4891,4929,4951,4977,4980
E05000363,4305,4307,4324,4363,4373,4388,4397,4434,4726,4830,4836
E05000364,4331,4387,4495,4665,5212,5323,5594,5619,5750,5638,5856
E05000365,5213,5208,5239,5259,5115,5301,5347,5340,5352,5358,5390
E05000366,5213,5227,5253,5319,5228,5355,5420,6198,6246,5590,5837
E05000367,5173,5631,5874,6138,6378,6384,6635,6868,7264,7551,7884
E05000368,5224,5324,5418,5555,5459,5564,5722,5923,6294,6356,6408
E05000369,5480,5384,5531,5641,5337,5544,5653,5665,5695,5782,5790
E05000370,5161,5321,5393,5484,5462,5551,5671,5747,5787,5874,5886
E05000371,5286,5544,5671,5754,5672,5924,5984,5976,6127,6379,6437
E05000372,4767,4799,4800,4874,4861,4929,5003,5143,5214,5299,5296
E05000373,5256,5363,5393,5452,5385,5633,5952,6008,6716,7137,7215
E05000374,4883,4898,4907,4957,4956,4979,5012,5026,5071,5078,5075
E05000375,5204,5234,5303,5394,5481,5741,6293,6627,6716,6956,7207
E05000376,5098,5165,5206,5532,5347,5394,5429,5477,5593,5655,5950
E05000377,5522,5637,5726,5698,5687,5820,5890,5961,5978,6029,6113
E05000378,5125,5149,5218,5004,5201,5354,5417,5464,5494,5594,5617
E05000379,5335,5408,5414,5493,5466,5535,5551,5561,5706,5796,5831
E05000380,5242,5247,5279,5333,5470,5485,5508,5645,5639,5862,5803
E05000381,5657,5693,5779,5875,5917,6012,6080,6157,6187,6221,6256
E05009388,4903,4911,4964,5006,5084,4988,4999,5010,5022,5248,5259
E05009389,6975,6990,6995,7010,6987,6992,7014,6992,6965,6966,6973
E05009390,4959,4951,4963,4981,4980,5084,5139,5138,5139,5146,5150
E05009391,4614,4636,4654,4794,4643,4663,4662,4669,4691,4684,4683
E05009392,5165,5180,5194,5172,5137,5197,5206,5216,5235,5234,5240
E05009393,5913,5989,6039,6040,5986,6048,6164,6183,6232,6244,6238
E05009394,3205,3203,3206,3097,3044,3117,3114,3158,3206,3203,3205
E05009395,5285,5351,5427,5472,5467,5546,5565,5615,5656,5713,5738
E05009396,3513,3526,3533,3727,3832,3850,3976,3973,3996,4113,4115
E05009397,4275,4305,4324,4306,4330,4336,4354,4340,4342,4345,4361
E05009398,2913,2906,2903,2947,2926,2963,2988,2982,2980,2951,2950
E05009399,3987,4006,3984,3978,3974,3994,4013,4011,4013,4057,4066
E05009400,3182,3187,3193,3160,3165,3182,3191,3198,3207,3282,3288
E05009401,5309,5358,5380,5388,5429,5388,5384,5396,5389,5393,5378
E05009402,5381,5412,5387,5406,5397,5397,5427,5395,5417,5343,5375
E05009403,6171,6156,6132,6152,6112,6166,6178,6195,6252,6227,6220
E05009404,2754,2767,2755,2697,2682,2709,2712,2728,2747,2781,2788
E05009405,5312,5319,5319,5454,5591,5598,5626,5662,5669,5683,5674
E05000400,3345,3346,3352,3364,3361,3364,3365,3372,3373,3425,3429
E05000401,4066,4075,4103,4149,4153,4175,4197,4214,4230,4262,4264
E05000402,3824,3826,3826,3816,3846,3861,3887,3958,3980,4003,3997
E05000403,4291,4290,4307,4448,4823,4923,5006,5071,5105,5106,5137
E05000404,3356,3356,3361,3379,3379,3379,3379,3380,3384,3368,3370
E05000405,3854,3972,3975,4004,4022,4023,4029,4033,4038,4050,4080
E05000406,3693,3698,3704,3723,3794,3729,3778,3791,3808,3754,3755
E05000407,3587,3585,3585,3591,3598,3595,3605,3617,3626,3639,3645
E05000408,4423,4441,4581,4658,4689,4712,4735,4799,4793,4974,5107
E05000409,3807,3808,3841,3896,3900,3978,4005,4101,4108,4129,4131
E05000410,3514,3515,3553,3581,3578,3578,3595,3610,3611,3608,3610
E05000411,3281,3280,3284,3299,3306,3320,3330,3340,3343,3346,3356
E05000412,4160,4183,4224,4272,4266,4294,4322,4332,4423,4440,4469
E05000413,4463,4472,4476,4465,4488,4511,4537,4567,4615,4615,4621
E05000414,3744,3745,3748,3752,3770,3767,3770,3776,3776,3780,3789
E05000415,3723,3723,3740,3685,3705,3722,3724,3707,3715,3715,3759
E05000416,4484,4560,4731,4806,4816,4832,4842,4868,4955,4944,4950
E05000417,6081,6125,6191,6406,6422,6466,6531,6652,6684,6715,6734
E05000418,5264,5299,5314,5338,5397,5415,5540,5534,5577,5621,5608
E05000419,5752,5867,5910,5972,5951,6093,6161,6175,6257,6272,6366
E05000420,6737,6834,6872,6918,6652,6914,6986,7035,7098,7170,7151
E05000421,5921,5980,6014,6079,6144,6263,6314,6404,6456,6501,6543
E05000422,5974,6025,6041,6065,6062,6106,6128,6134,6159,6329,6339
E05000423,6053,6097,6120,6174,6216,6255,6368,6430,6488,6526,6530
E05000424,5757,5788,5798,5817,5856,5883,5904,5937,5969,6112,6132
E05000425,6027,6144,6157,6222,6279,6397,6527,6580,6677,6734,7007
E05000426,5911,6005,6128,6313,6324,6458,6506,6579,6725,7147,7298
E05000427,5832,6034,6270,6309,6373,6524,6616,6614,6701,7064,7164
E05000428,5462,5488,5497,5630,5648,5744,5843,5956,6040,6114,6162
E05000429,5852,5920,5940,5938,5950,6204,6245,6357,6442,6172,6414
E05000430,5982,6012,6027,6113,6098,6139,6172,6182,6230,6218,6217
E05000431,5136,5139,5149,5146,5151,5193,5226,5285,5315,5380,5386
E05000432,5849,5848,5875,5950,5929,6042,6109,6208,6251,6274,6302
E05000433,5292,5294,5301,5321,5345,5388,5390,5392,5398,5387,5388
E05000434,5401,5455,5486,5521,5516,5583,5635,5653,5843,5955,5971
E05000435,6140,6289,6341,6347,6463,6351,6435,6579,6648,6683,6698
E05000436,6033,6046,6053,6100,6123,6139,6148,6189,6208,6184,6267
E05000437,6111,6133,6154,6155,6153,6152,6169,6209,6217,6230,6239
E05000438,6496,6515,6532,6559,6542,6586,6597,6592,6616,6550,6557
E05000439,6339,6362,6461,6722,6917,7052,7105,7216,7320,7523,7537
E05000440,5556,5562,5594,5618,5623,5639,5650,5673,5703,5755,5804
E05000441,6081,6097,6100,6127,6173,6188,6199,6221,6234,6241,6249
E05000442,6040,6040,6045,6013,6016,6030,6034,6114,6140,6283,6296
E05000443,6403,6186,5991,6037,6024,6117,6367,6498,6619,6758,6873
E05000444,6148,6158,6174,6181,6245,6256,6301,6328,6442,6565,6575
E05000445,6139,6141,6195,6198,6222,6232,6236,6235,6247,6266,6269
E05000446,5540,5556,5591,5591,5591,5623,5646,5660,5665,5690,5693
E05000447,5993,6012,6023,6054,6077,6089,6108,6144,6158,6186,6202
E05000448,6570,6603,6613,6645,6776,7049,7282,7558,7556,7480,7781
E05000449,6411,6467,6661,6704,6774,6760,6886,6862,6912,6839,6877
E05000450,6329,6338,6345,6365,6384,6427,6459,6494,6569,6642,6728
E05000451,5836,5902,5920,6006,6021,6067,6107,6146,6197,6248,6361
E05000452,6712,6747,6763,6784,6847,6860,6887,6904,6916,6916,6924
E05000453,6340,6373,6380,6473,6405,6495,6497,6476,6635,6671,6642
E05000454,5651,5651,5658,5614,5629,5628,5630,5669,5667,5611,5735
E05000455,4348,4394,4482,4480,4534,4621,4676,4722,4733,4627,4664
E05000456,3498,3500,3502,3502,3507,3511,3513,3518,3524,3526,3527
E05000457,3985,3989,3945,3990,4135,4193,4251,4376,4394,4486,4497
E05000458,4106,4106,4128,4162,4165,4195,4299,4311,4375,4357,4387
E05000459,3905,3926,3937,3946,4042,4005,4015,4027,4041,4070,4079
E05000460,3922,3921,3922,3928,3992,4095,4145,4152,4289,4311,4323
E05000461,3439,3456,3467,3459,3489,3515,3535,3555,3567,3568,3579
E05000462,4205,4230,4234,4255,4269,4325,4337,4325,4355,4407,4406
E05000463,4008,4008,4018,4031,4038,4043,4047,4051,4054,4094,4099
E05000464,3593,3593,3595,3630,3631,3639,3646,3718,3722,3814,3830
E05000465,3378,3377,3377,3384,3434,3484,3485,3486,3488,3485,3487
E05000466,3633,3631,3663,3631,3661,3661,3681,3691,3734,3744,3762
E05000467,3786,3716,3705,3759,3758,3806,3808,3823,3825,3827,3832
E05000468,3810,3825,3807,3828,3861,3895,3903,3914,3914,3919,3930
E05000469,4245,4248,4230,4224,4224,4273,4282,4292,4289,4303,4310
E05000470,3808,3822,3841,3830,3833,3835,3856,3917,3918,3937,4032
E05000471,3892,3994,4152,4173,4246,4212,4226,4248,4269,4360,4364
E05000472,3660,3662,3661,3628,3638,3618,3642,3663,3680,3646,3657
E05000473,3629,3635,3636,3632,3636,3640,3645,3649,3655,3664,3688
E05000474,3692,3693,3705,3740,3779,3751,3770,3784,4192,4379,4396
E05000475,4893,4950,4961,4981,5065,5195,5287,5537,5543,5738,5779
E05000476,4717,4729,4735,4774,4819,4835,4841,4855,4868,4855,4863
E05000477,5343,5371,5407,5483,5507,5524,5549,5623,5643,5683,5710
E05000478,5223,5250,5205,5301,5299,5542,5521,5486,6177,6636,6610
E05000479,4901,4940,4969,4974,4965,4982,4986,5220,5247,4993,4996
E05000480,4295,4311,4320,4448,4403,4484,4481,4516,4572,4536,4550
E05000481,3575,3575,3581,3574,3565,3590,3617,3630,3660,3634,3642
E05000482,4971,4975,4980,4976,5125,5099,5135,5143,5153,5191,5192
E05000483,5172,5176,5180,5227,5422,5464,5483,5514,5688,5679,5693
E05000484,5115,5128,5167,5297,5340,5450,5488,5574,5663,5829,5881
E05000485,3902,3905,3935,4021,4067,4126,4151,4183,4197,4193,4224
E05000486,3796,3799,3840,3836,3824,3893,3926,3941,3971,4007,4051
E05000487,4736,4777,4840,4907,4949,4959,4997,5027,5066,5083,5166
E05000488,4308,4390,4477,4475,4541,4526,4546,4556,4567,4658,4673
E05000489,4737,4754,4801,4728,4757,4738,4925,4969,5049,5146,5155
E05000490,5214,5217,5220,5164,5330,5208,5236,5256,5283,5341,5426
E05000491,3033,3566,4061,4344,4442,4468,4513,4509,4523,4460,4533
E05000492,5497,5736,5981,6357,6496,6678,6785,6873,7151,7382,7858
E05000493,4259,4263,4282,4202,4218,4206,4224,4280,4296,4354,4358
E05000494,5187,5196,5168,5199,5217,5190,5260,5250,5354,5359,5370
E05000495,4557,4561,4543,4565,4872,5003,5020,5024,5026,5026,5039
E05000496,4159,4146,4149,4144,4157,4167,4167,4234,4318,4379,4386
E05000497,4847,4821,4900,4886,4863,4883,4883,4886,4895,4877,4877
E05000498,4549,4579,4721,4803,4883,5122,5261,5297,5303,5302,5304
E05000499,4227,4228,4231,4247,4225,4342,4437,4525,4839,4977,5079
E05000500,4116,4175,4113,4094,4091,4115,4138,4138,4140,4097,4097
E05000501,3785,3785,3802,3791,3857,3971,4355,4385,4475,4468,4488
E05000502,3885,3883,3882,3903,3904,3897,3897,3903,3926,4013,4084
E05000503,4450,4699,4866,4925,4981,5021,5029,5052,5059,5112,5126
E05000504,4724,4738,4801,4825,4765,4763,4765,4829,4871,4947,4953
E05000505,4236,4245,4264,4252,4252,4260,4274,4284,4341,4353,4363
E05000506,5153,5176,5210,5217,5223,5256,5274,5271,5285,5298,5306
E05000507,4455,4453,4453,4500,4625,4685,4822,4834,4835,5054,5056
E05000508,4178,4194,4195,4203,4203,4201,4209,4205,4306,4369,4376
E05000509,4266,4321,4326,4338,4363,4397,4478,4484,4508,4398,4442
E05000510,4636,4680,4788,4815,4810,4896,4992,5092,5138,5260,5318
E05000511,4613,4617,4624,4625,4597,4676,4690,4714,4738,4779,4787
E05000512,4427,4433,4455,4447,4467,4528,4531,4564,4594,4828,4840
E05000513,5190,5255,5268,5274,5292,5284,5312,5323,5381,5430,5446
E05000514,4540,4601,4618,4697,4698,4754,4788,4820,4862,4906,4926
E05000515,4625,4625,4638,4646,4647,4634,4637,4644,4651,4631,4638
E05000516,4373,4371,4389,4422,4465,4458,4456,4453,4456,4461,4465
E05000517,4108,4114,4116,4124,4127,4129,4151,4163,4177,4207,4223
E05000518,4105,4123,4138,4170,4213,4255,4278,4267,4271,4301,4331
E05000519,4386,4387,4387,4407,4432,4460,4474,4515,4550,4573,4582
E05000520,4071,4083,4108,4140,4151,4183,4205,4201,4247,4256,4266
E05000521,4010,4009,4021,4033,4034,4053,4064,4096,4098,4089,4138
E05000522,4243,4233,4264,4361,4489,4489,4480,4434,4466,4596,4620
E05000523,3822,3825,3835,3823,3828,3912,3919,3929,3956,3975,3982
E05000524,4309,4347,4514,4657,4698,4970,5026,5060,5110,5143,5154
E05000525,4915,4918,4918,5000,5038,5018,5016,5015,5024,5036,5042
E05000526,4703,4712,4717,4764,4763,4796,4798,4833,4846,4824,4854
E05000527,4369,4373,4386,4399,4420,4427,4529,4543,4653,4663,4694
E05000528,5322,5316,5301,5308,5319,5343,5354,5373,5371,5358,5364
E05000529,3915,3940,3958,4007,4016,4036,4046,4051,4074,4116,4130
E05000530,4431,4477,4510,4552,4534,4558,4578,4602,4669,4647,4669
E05000531,4851,4863,4879,4889,4884,4908,4926,4938,4959,4954,4956
E05000532,4215,4215,4223,4226,4249,4263,4266,4270,4285,4302,4317
E05000533,3752,3755,3768,3773,3778,3786,3788,3851,3860,3873,3890
E05000534,5096,5172,5205,5252,5208,5337,5341,5337,5373,5548,5583
E05000535,5976,5998,5957,6031,5968,6089,6136,6207,6271,6252,6384
E05000536,5518,5672,5731,5707,5834,5928,6022,6220,6451,6611,6727
E05000537,5108,5303,5431,5567,5785,5857,6075,6374,6634,6640,6645
E05000538,5010,5008,5092,5093,5109,5125,5146,5188,5240,5299,5320
E05000539,5101,5143,5136,5256,5248,5318,5340,5360,5407,5378,5381
E05000540,5635,5638,5678,5776,5822,5836,5919,5987,6019,5987,5533
E05000541,5060,5095,5103,5145,5180,5190,5207,5231,5262,5264,5229
E05000542,5665,5835,5926,6085,6403,6699,6818,6924,7077,7265,7485
E05000543,5531,5548,5600,5678,5763,5667,5651,5567,5565,5568,5575
E05000544,5714,5723,5730,5740,5787,5802,5864,6118,6163,6179,6763
E05000545,5452,5513,5414,5398,5438,5517,5598,5680,5804,5817,5839
E05000546,5071,5131,5150,5152,5015,5142,5317,5341,5507,5514,5696
E05000547,5301,5393,5409,5440,5458,5583,5649,5672,5730,5827,5952
E05000548,6126,6560,6655,6758,6817,6902,7023,7083,7124,7324,7546
E05000549,5388,5417,5485,5548,5613,5619,5651,5753,5943,5988,6157
E05000550,5570,5570,5556,5549,5565,5552,5578,5565,5677,5828,5873
E05000551,5040,5045,5055,5082,5105,5119,5143,5189,5202,5217,5219
E05000552,5904,5943,6054,6131,6104,6169,6173,6177,6198,6237,6245
E05000553,5663,5690,5781,5830,5922,6008,6070,6350,6546,6555,6596
E05000554,4710,4665,4677,4688,4608,4667,4688,4703,4729,4737,4743
E05000555,4071,4074,4070,4067,4068,4076,4078,4079,4081,4105,4115
E05000556,4117,4075,4036,3966,3933,3927,3849,3855,4072,4128,4179
E05000557,4302,4303,4310,4302,4389,4390,4393,4451,4454,4472,4490
E05000558,4069,4084,4101,4114,4121,4157,4172,4180,4201,4243,4254
E05000559,3482,3532,3576,3616,3602,3601,3610,3610,3611,3630,3628
E05000560,3919,3923,3924,3917,3897,3927,3931,3985,4001,4074,4080
E05000561,3962,3966,3981,3969,3977,4009,4031,4048,4058,4078,4087
E05000562,4292,4307,4327,4349,4492,4606,4607,4608,4611,4612,4614
E05000563,3889,3909,3936,3936,3945,3946,3956,3961,3966,3987,3990
E05000564,4743,4795,4844,4811,4820,4878,5052,5136,5282,5344,5365
E05000565,4021,4032,4038,4090,4132,4141,4172,4182,4184,4140,4143
E05000566,4662,4679,4675,4724,4793,4807,4888,4984,5006,4977,5003
E05000567,4572,4589,4598,4607,4641,4656,4686,4741,4745,4772,4776
E05000568,4366,4412,4415,4418,4424,4433,4432,4434,4430,4395,4394
E05000569,4374,4384,4400,4476,4496,4527,4529,4525,4537,4532,4536
E05000570,4386,4388,4391,4396,4368,4522,4529,4570,4571,4547,4549
E05000571,4625,4625,4700,4727,4739,4752,4770,4781,4801,4811,4814
E05000572,4123,4128,4149,4180,4336,4384,4474,4634,4733,4732,4735
E05009317,6729,6788,6900,6924,7098,7186,7285,7567,7757,7932,7953
E05009318,4241,4423,4586,4959,5308,5356,5641,6127,6481,6691,6732
E05009319,5072,4897,5014,5105,4993,5507,5923,6195,6375,6839,6909
E05009320,4698,4723,4793,4995,4877,4895,4967,5037,5078,5080,5084
E05009321,3160,3207,3248,3278,3313,3429,3576,3615,3673,3785,3883
E05009322,2365,2407,2428,2463,2499,2616,2774,2831,2835,2938,2963
E05009323,3517,3798,3914,3982,4645,4980,5051,5016,5174,6504,6902
E05009324,3908,4184,4318,4460,5094,5385,5509,5591,5804,6963,7306
E05009325,4754,4758,4949,4819,5174,5327,5365,5424,5407,5623,5601
E05009326,2543,2595,2637,2729,2724,2864,2982,3041,3181,3104,3136
E05009327,4999,5089,5159,5259,5238,5450,5619,5611,5850,5780,5984
E05009328,2272,2347,2383,2516,2543,2673,2808,2891,3035,2960,2989
E05009329,3394,3495,3537,3580,3682,3701,3749,4013,4157,4213,4100
E05009330,5251,5294,5388,5431,5524,5532,5543,5593,5638,5653,5692
E05009331,6239,6305,6419,6452,6494,6564,6618,6683,6745,6993,7105
E05009332,3420,3430,3560,3610,3725,3749,3841,4062,4252,4422,4456
E05009333,4063,4231,4333,4495,4523,4577,4703,4665,4952,5156,5198
E05009334,3762,3926,3989,4083,4161,4202,4316,4528,4708,4844,4758
E05009335,4713,4778,4813,4912,5020,5060,5148,5228,5264,5312,5409
E05009336,4499,4674,4768,4914,4981,5065,5265,5310,5507,5695,5749
E05000590,4794,4766,4738,4712,4715,4782,4859,4924,4946,4915,4927
E05000591,4459,4397,4260,4282,4341,4387,4413,4456,4506,4558,4597
E05000592,4597,4600,4612,4614,4646,4642,4731,4956,4980,5019,5035
E05000593,4474,4472,4470,4483,4546,4557,4565,4584,4587,4589,4587
E05000594,4286,4288,4289,4268,4274,4274,4272,4294,4311,4341,4345
E05000595,4077,4082,4089,4095,4102,4146,4237,4279,4341,4426,4417
E05000596,5031,5062,5079,5088,5101,5163,5225,5274,5311,5345,5330
E05000597,4153,4174,4179,4211,4204,4231,4236,4244,4244,4221,4233
E05000598,4543,4556,4559,4540,4539,4598,4599,4607,4616,4618,4617
E05000599,5109,5146,5150,5248,5153,5346,5390,5489,5625,5678,5706
E05000600,4594,4618,4629,4583,4558,4638,4649,4672,4680,4696,4906
E05000601,5116,5119,5136,5190,5156,5256,5316,5364,5479,5447,5516
E05000602,4425,4445,4464,4473,4464,4535,4540,4536,4566,4577,4584
E05000603,5218,5218,5229,5248,5338,5328,5343,5363,5483,5558,5596
E05000604,5119,5021,4963,4994,4982,5121,5101,5147,5315,5401,5442
E05000605,4405,4409,4442,4462,4388,4639,4723,4736,4785,4836,4844
E05000606,4766,4741,4812,4799,4732,4834,4849,4902,4927,4976,4997
E05000607,4595,4396,4314,4380,4396,4396,4403,4409,4425,4443,4447
E05000608,4957,5025,4941,4892,4964,4948,4969,4986,5022,5035,5056
E05000609,5174,5191,5204,5177,5198,5214,5312,5333,5359,5409,5401
E05000610,5980,6014,6056,6120,6183,6196,6294,6364,6415,6430,6431
E05000611,5890,5987,6140,6188,6225,6268,6310,6356,6373,6426,6470
E05000612,5924,5980,6003,6036,6047,6089,6133,6224,6272,6433,6526
E05000613,6799,6799,6860,6960,7027,7107,7203,7332,7356,7206,7189
E05000614,6171,6265,6422,6515,6632,6643,6747,6931,6948,6892,6893
E05000615,5885,5910,5931,5953,5972,6002,6028,6056,6109,6151,6151
E05000616,5911,5934,5954,5961,5982,6021,6046,6071,6155,6173,6192
E05000617,6432,6436,6442,6454,6507,6624,6694,6733,6801,6969,6976
E05000618,6150,6169,6177,6142,6163,6219,6249,6305,6332,6359,6413
E05000619,6107,6172,6204,6205,6237,6259,6303,6317,6341,6366,6432
E05000620,6481,6506,6558,6745,6946,7084,7362,7440,7904,8264,8288
E05000621,6060,6072,6058,6046,6066,6077,6078,6110,6214,6215,6216
E05000622,6655,6684,6694,6749,7166,7377,7617,7843,7948,8292,8302
E05000623,6275,6275,6287,6312,6385,6387,6416,6468,6489,6476,6497
E05000624,6496,6501,6541,6524,6617,6691,6716,6763,7060,7112,7118
E05000625,5907,5977,5982,6035,6213,6340,6435,6541,6561,6796,6805
E05000626,5765,5779,5824,5879,5918,5941,5970,6009,6030,6077,6133
E05000627,5506,5501,5505,5570,5602,5629,5676,5687,5687,5718,5717
E05000628,6243,6246,6243,6277,6331,6470,6501,6733,6760,6865,6879
E05000629,6054,6089,6098,6048,6062,6068,6069,6091,6124,6327,6351
E05000630,6030,6019,6016,5982,5859,5959,5946,5928,5917,5902,5913
E05000631,5769,5775,5764,5769,5708,5814,5799,5803,5858,5867,5848
E05000632,7021,7016,7084,7131,7166,7238,7217,7257,7390,7455,7526
E05000633,4410,4405,4311,4309,4306,4398,4602,4620,4659,4845,4940
E05000634,4624,4675,4678,4714,4636,4812,4832,4847,4856,4898,4913
E05000635,5005,5030,5038,5156,5048,5170,5180,5201,5208,5352,5370
E05000636,6514,6519,6651,7094,7220,7522,7542,7574,7587,7611,7827
E05000637,5636,5629,5646,5633,5633,5838,5843,5849,5917,5925,6029
E05000638,6700,6760,6848,6939,6904,7021,7163,7348,7417,7439,7442
E05000639,5063,5061,5173,5155,5118,5160,5157,5145,5120,5119,5130
E05000640,4686,4691,4694,4662,4730,4700,4702,4708,4714,4720,4729
E05000641,6200,6231,6225,6285,6269,6306,6303,6403,6516,6610,6632
E05000642,4900,5058,5079,5107,5090,5205,5248,5270,5280,5143,5144
E05000643,6579,6883,6931,6983,6780,7001,6978,7000,6950,6992,7002
E05000644,5697,5752,6027,6172,6195,6612,6802,6842,6888,6923,7006
E05000645,4990,5008,4868,4916,4861,4924,4928,4957,4973,4979,5028
E05000646,4898,4895,4923,5142,5129,5514,5511,5548,5672,5704,5825
E05000647,4990,4996,4997,5051,5129,5235,5302,5290,5321,5444,5454
E05000648,5125,5220,5444,5455,5446,5484,5490,5504,5503,5517,5518
E05000649,7341,7375,7360,7484,7426,7589,7663,7651,7735,7756,7821